Brand,Resolution,Size,is_4k,Price
Dell,2560x1440,24,0,776.58
Dell,1920x1080,32,0,631.94
LG,3840x2160,27,1,391.83
Samsung,2560x1440,27,0,518.85
HP,2560x1440,27,0,347.27
HP,2560x1440,27,0,466.49
LG,2560x1440,27,0,474.18
HP,3840x2160,32,1,797.16
LG,1920x1080,24,0,418.9
HP,1920x1080,27,0,510.71
LG,1920x1080,27,0,629.64
LG,3840x2160,32,1,272.45
HP,3840x2160,24,1,697.91
LG,2560x1440,24,0,248.36
Samsung,1920x1080,24,0,299.62
HP,1920x1080,24,0,270.67
HP,2560x1440,24,0,478.81
Dell,3840x2160,32,1,592.82
HP,1920x1080,27,0,118.28
HP,1920x1080,24,0,490.55
Dell,3840x2160,32,1,498.27
Samsung,3840x2160,24,1,420.48
Dell,2560x1440,24,0,126.26
Dell,1920x1080,24,0,277.21
LG,1920x1080,24,0,369.6
HP,3840x2160,32,1,685.1
LG,3840x2160,32,1,375.63
HP,2560x1440,24,0,366.98
HP,2560x1440,24,0,263.45
Samsung,1920x1080,27,0,159.78
HP,1920x1080,32,0,697.54
HP,2560x1440,27,0,472.73
Dell,3840x2160,24,1,321.97
Samsung,1920x1080,27,0,496.25
Samsung,3840x2160,24,1,164.02
HP,3840x2160,24,1,139.3
LG,1920x1080,32,0,592.42
LG,1920x1080,27,0,799.53
Dell,3840x2160,24,1,777.62
Samsung,1920x1080,27,0,576.91
HP,1920x1080,32,0,108.03
LG,3840x2160,24,1,670.82
HP,3840x2160,32,1,111.67
Dell,2560x1440,27,0,121.96
Dell,1920x1080,27,0,402.52
Dell,2560x1440,27,0,520.31
HP,2560x1440,24,0,528.74
HP,1920x1080,27,0,770.77
Samsung,1920x1080,27,0,652.24
Dell,2560x1440,24,0,214.32
Samsung,3840x2160,32,1,120.99
Dell,2560x1440,27,0,442.14
Dell,3840x2160,24,1,748.45
HP,1920x1080,32,0,723.48
LG,3840x2160,32,1,561.11
HP,3840x2160,32,1,245.26
Dell,1920x1080,32,0,164.45
Samsung,2560x1440,27,0,293.52
LG,1920x1080,27,0,595.52
Samsung,2560x1440,24,0,413.09
Dell,1920x1080,32,0,520.88
LG,3840x2160,32,1,445.18
LG,2560x1440,32,0,647.73
Dell,2560x1440,24,0,344.87
LG,2560x1440,27,0,392.01
Dell,2560x1440,32,0,565.42
HP,2560x1440,27,0,204.77
Dell,3840x2160,24,1,349.47
HP,1920x1080,32,0,324.44
LG,1920x1080,24,0,425.37
Samsung,2560x1440,24,0,712.82
Dell,2560x1440,24,0,196.76
Dell,1920x1080,32,0,617.28
LG,2560x1440,24,0,784.3
LG,2560x1440,24,0,152.82
Dell,3840x2160,32,1,468.26
Samsung,2560x1440,24,0,236.29
Samsung,2560x1440,24,0,262.59
LG,2560x1440,27,0,361.12
Samsung,2560x1440,27,0,324.59
LG,3840x2160,32,1,753.24
Dell,3840x2160,32,1,215.28
LG,2560x1440,32,0,730.18
HP,2560x1440,27,0,577.15
Samsung,1920x1080,32,0,105.41
Dell,2560x1440,27,0,158.83
HP,3840x2160,24,1,396.71
LG,3840x2160,32,1,116.95
Samsung,1920x1080,32,0,275.69
HP,1920x1080,32,0,557.91
LG,2560x1440,24,0,616.81
HP,3840x2160,24,1,794.29
Dell,3840x2160,27,1,666.05
Samsung,1920x1080,27,0,429.27
Samsung,3840x2160,32,1,623.05
LG,1920x1080,27,0,404.16
Dell,3840x2160,32,1,773.16
LG,3840x2160,24,1,531.44
Dell,2560x1440,24,0,117.84
Samsung,2560x1440,24,0,371.94
HP,3840x2160,27,1,217.45
Dell,3840x2160,32,1,281.31
HP,1920x1080,32,0,651.48
HP,1920x1080,27,0,116.74
HP,3840x2160,27,1,276.46
Dell,2560x1440,32,0,310.54
Dell,3840x2160,24,1,616.25
HP,1920x1080,32,0,734.84
LG,2560x1440,27,0,257.84
LG,3840x2160,32,1,538.48
LG,1920x1080,27,0,392.73
HP,2560x1440,32,0,391.37
Samsung,1920x1080,32,0,322.42
HP,3840x2160,27,1,116.2
Samsung,1920x1080,27,0,452.12
LG,2560x1440,27,0,740.29
Dell,1920x1080,27,0,731.36
HP,3840x2160,24,1,671.39
HP,2560x1440,32,0,149.03
Dell,3840x2160,32,1,361.73
LG,2560x1440,27,0,322.51
Samsung,2560x1440,24,0,743.56
HP,3840x2160,32,1,531.37
HP,1920x1080,32,0,331.86
Samsung,1920x1080,32,0,762.85
HP,1920x1080,24,0,481.65
Dell,1920x1080,27,0,623.77
Samsung,1920x1080,32,0,213.26
Samsung,2560x1440,27,0,431.08
HP,2560x1440,27,0,710.91
HP,2560x1440,27,0,311.14
LG,2560x1440,32,0,636.86
Dell,1920x1080,24,0,468.98
HP,3840x2160,27,1,583.2
Samsung,3840x2160,27,1,427.84
LG,3840x2160,32,1,414.58
Samsung,1920x1080,32,0,625.3
HP,3840x2160,24,1,571.36
HP,3840x2160,32,1,311.78
Dell,2560x1440,27,0,188.83
HP,3840x2160,24,1,405.36
Dell,3840x2160,32,1,426.23
Samsung,3840x2160,27,1,781.07
LG,2560x1440,32,0,575.93
HP,1920x1080,32,0,322.15
LG,2560x1440,32,0,262.77
Dell,3840x2160,27,1,574.58
Dell,3840x2160,24,1,125.74
Samsung,3840x2160,24,1,106.47
Dell,3840x2160,27,1,149.74
HP,2560x1440,27,0,572.07
Samsung,1920x1080,32,0,461.7
Dell,2560x1440,27,0,362.86
Samsung,2560x1440,27,0,665.25
Samsung,3840x2160,27,1,612.38
HP,3840x2160,32,1,126.52
Samsung,1920x1080,24,0,253.47
Samsung,1920x1080,27,0,622.58
Dell,2560x1440,32,0,517.53
Dell,2560x1440,32,0,232.94
HP,3840x2160,24,1,490.06
Samsung,1920x1080,24,0,265.2
HP,1920x1080,27,0,562.36
HP,3840x2160,24,1,740.3
LG,3840x2160,24,1,416.21
Samsung,2560x1440,32,0,258.75
LG,1920x1080,27,0,374.46
Dell,3840x2160,32,1,435.11
LG,3840x2160,24,1,509.17
HP,1920x1080,32,0,103.36
LG,1920x1080,27,0,443.09
Samsung,2560x1440,27,0,486.33
HP,1920x1080,24,0,684.2
LG,2560x1440,32,0,719.59
HP,3840x2160,24,1,701.2
Samsung,2560x1440,24,0,127.49
Samsung,3840x2160,32,1,621.48
HP,1920x1080,24,0,338.74
Samsung,2560x1440,24,0,181.9
Dell,2560x1440,32,0,534.76
HP,2560x1440,27,0,214.94
LG,1920x1080,24,0,133.77
Samsung,1920x1080,32,0,427.87
LG,2560x1440,27,0,517.92
LG,3840x2160,32,1,160.68
HP,3840x2160,32,1,696.25
Samsung,2560x1440,24,0,379.99
LG,2560x1440,32,0,657.1
LG,3840x2160,32,1,466.95
Samsung,3840x2160,32,1,734.65
Samsung,1920x1080,24,0,517.35
LG,2560x1440,32,0,749.57
Samsung,1920x1080,32,0,384.03
Dell,2560x1440,27,0,606.05
Samsung,3840x2160,32,1,402.87
Dell,2560x1440,24,0,574.43
HP,3840x2160,24,1,544.79
LG,3840x2160,27,1,561.95
HP,2560x1440,32,0,279.21
Samsung,1920x1080,27,0,152.69
Dell,2560x1440,27,0,586.09
Samsung,3840x2160,24,1,396.39
HP,1920x1080,24,0,292.5
HP,2560x1440,24,0,609.64
Dell,2560x1440,27,0,461.78
Samsung,2560x1440,32,0,766.01
Dell,1920x1080,24,0,120.41
Samsung,3840x2160,24,1,661.88
LG,2560x1440,32,0,718.77
Dell,3840x2160,32,1,789.48
Samsung,2560x1440,24,0,138.14
HP,2560x1440,24,0,287.22
LG,2560x1440,27,0,566.38
Samsung,2560x1440,32,0,511.66
LG,3840x2160,24,1,497.26
HP,2560x1440,32,0,213.09
HP,3840x2160,24,1,106.79
Samsung,3840x2160,27,1,526.47
Samsung,2560x1440,27,0,794.87
HP,3840x2160,27,1,129
Samsung,1920x1080,24,0,439.27
Samsung,3840x2160,24,1,711.8
Samsung,3840x2160,27,1,572.13
Dell,3840x2160,24,1,761.29
Dell,3840x2160,32,1,304.76
HP,3840x2160,27,1,789.72
HP,3840x2160,24,1,127.12
HP,1920x1080,24,0,308.71
LG,2560x1440,24,0,619.09
Dell,1920x1080,27,0,301.17
LG,3840x2160,32,1,266.24
HP,1920x1080,27,0,699.41
LG,1920x1080,24,0,283.91
HP,1920x1080,24,0,549.54
Samsung,3840x2160,24,1,189.53
Dell,2560x1440,32,0,579.64
HP,2560x1440,27,0,267.06
Samsung,2560x1440,27,0,622.35
Dell,2560x1440,24,0,400.04
HP,3840x2160,32,1,522.51
LG,1920x1080,32,0,311.51
HP,3840x2160,24,1,430.58
Samsung,3840x2160,27,1,392.35
HP,2560x1440,32,0,224.9
HP,1920x1080,24,0,176.77
LG,1920x1080,27,0,787.33
Dell,3840x2160,24,1,561.18
HP,3840x2160,32,1,333.28
Dell,2560x1440,32,0,434.09
Samsung,3840x2160,27,1,190.42
Samsung,3840x2160,32,1,530.4
Dell,3840x2160,32,1,262.79
LG,1920x1080,27,0,308
HP,1920x1080,32,0,739.07
Samsung,1920x1080,24,0,127.21
LG,1920x1080,27,0,493.06
HP,1920x1080,27,0,687.35
LG,3840x2160,24,1,708.82
HP,1920x1080,24,0,786.02
Samsung,1920x1080,32,0,529.39
LG,1920x1080,27,0,785.88
LG,2560x1440,24,0,140.94
LG,2560x1440,24,0,759.9
HP,1920x1080,27,0,515.27
Samsung,2560x1440,24,0,641.14
HP,3840x2160,27,1,124.81
Samsung,1920x1080,24,0,372.36
Dell,1920x1080,24,0,543.88
Dell,1920x1080,27,0,161.76
HP,2560x1440,27,0,504.44
Dell,1920x1080,32,0,434.62
Dell,3840x2160,32,1,176
LG,2560x1440,32,0,730.17
Samsung,1920x1080,27,0,556.07
LG,2560x1440,24,0,247.58
HP,1920x1080,24,0,273.11
Dell,2560x1440,24,0,150.37
Dell,1920x1080,32,0,364.99
Dell,3840x2160,24,1,216.11
Samsung,3840x2160,27,1,483.56
Samsung,2560x1440,32,0,333.18
HP,2560x1440,32,0,770.44
Samsung,1920x1080,32,0,229.78
LG,2560x1440,24,0,155.99
HP,1920x1080,24,0,268.51
LG,1920x1080,27,0,541.74
Dell,2560x1440,32,0,197.44
Samsung,3840x2160,27,1,116.06
Samsung,1920x1080,32,0,519.49
Samsung,2560x1440,32,0,733.03
Samsung,2560x1440,24,0,565.16
HP,3840x2160,32,1,632.26
LG,3840x2160,27,1,285.87
HP,1920x1080,24,0,740.38
LG,3840x2160,32,1,800
LG,2560x1440,24,0,521.66
LG,2560x1440,32,0,286.71
LG,1920x1080,32,0,199.87
Dell,2560x1440,32,0,146.73
Dell,2560x1440,27,0,567.95
Samsung,2560x1440,32,0,630.6
HP,2560x1440,24,0,438.67
LG,2560x1440,32,0,568.04
Dell,2560x1440,27,0,114.66
HP,2560x1440,24,0,477.69
Dell,1920x1080,27,0,327.78
Dell,3840x2160,24,1,493.29
Samsung,1920x1080,24,0,477.26
Dell,2560x1440,32,0,399.64
HP,1920x1080,24,0,263.88
LG,2560x1440,32,0,497.95
HP,1920x1080,32,0,465.38
Samsung,3840x2160,32,1,701.14
LG,1920x1080,32,0,498.2
HP,2560x1440,24,0,630.26
LG,2560x1440,24,0,337.11
Samsung,2560x1440,27,0,210.99
HP,2560x1440,32,0,391.71
Samsung,3840x2160,24,1,362.93
Samsung,2560x1440,27,0,377.7
LG,1920x1080,24,0,406.95
Dell,2560x1440,27,0,773.58
Samsung,2560x1440,27,0,591.12
Samsung,3840x2160,27,1,329.03
Samsung,3840x2160,32,1,364.88
LG,1920x1080,27,0,355.04
Dell,2560x1440,24,0,570.55
HP,2560x1440,24,0,459.74
Samsung,2560x1440,32,0,679.25
Dell,3840x2160,32,1,267.58
LG,1920x1080,27,0,128.16
LG,1920x1080,27,0,598.6
LG,2560x1440,27,0,649.54
LG,3840x2160,32,1,337.93
Dell,1920x1080,32,0,798.21
Samsung,3840x2160,32,1,395.16
LG,1920x1080,27,0,518.51
Samsung,2560x1440,27,0,297.85
Dell,2560x1440,32,0,589.65
Samsung,3840x2160,27,1,490.83
LG,3840x2160,32,1,130.95
HP,1920x1080,24,0,420.72
HP,2560x1440,27,0,780.5
Samsung,3840x2160,24,1,462.5
Samsung,2560x1440,24,0,118.51
HP,1920x1080,32,0,584.94
Samsung,2560x1440,32,0,688.77
Dell,1920x1080,24,0,375.39
Dell,3840x2160,32,1,140.48
HP,2560x1440,24,0,609.1
HP,1920x1080,32,0,688.71
LG,2560x1440,32,0,203.35
Dell,1920x1080,27,0,764.94
HP,3840x2160,32,1,523.54
Samsung,1920x1080,32,0,543.15
LG,1920x1080,24,0,714.83
HP,3840x2160,32,1,744.03
HP,1920x1080,27,0,552.79
Dell,3840x2160,24,1,547.66
Dell,3840x2160,32,1,618.15
LG,2560x1440,27,0,222.65
LG,2560x1440,32,0,333.63
Samsung,2560x1440,24,0,470.92
Dell,3840x2160,32,1,697.7
Samsung,3840x2160,32,1,161.94
Samsung,1920x1080,32,0,711.95
HP,3840x2160,32,1,249.47
Dell,2560x1440,27,0,389.42
HP,2560x1440,32,0,599.61
LG,2560x1440,27,0,769.78
LG,3840x2160,24,1,590.11
HP,3840x2160,32,1,290.3
Dell,3840x2160,24,1,412.86
HP,3840x2160,24,1,788.47
LG,3840x2160,32,1,234.79
LG,1920x1080,24,0,258.24
Dell,2560x1440,32,0,396.66
HP,2560x1440,24,0,499.03
Samsung,3840x2160,24,1,550.82
HP,3840x2160,24,1,469.32
Samsung,3840x2160,27,1,232.35
Samsung,2560x1440,24,0,304.1
Dell,3840x2160,24,1,254.11
Dell,1920x1080,27,0,559.66
HP,3840x2160,24,1,264.37
LG,3840x2160,27,1,186.65
Samsung,3840x2160,27,1,449.32
Dell,2560x1440,27,0,198.33
Dell,1920x1080,24,0,638.08
Samsung,2560x1440,24,0,382.42
HP,2560x1440,32,0,168.62
LG,3840x2160,32,1,680.32
Samsung,3840x2160,24,1,107.8
HP,3840x2160,24,1,786.9
Samsung,1920x1080,32,0,176.89
Samsung,2560x1440,27,0,619.18
HP,1920x1080,27,0,263.74
HP,3840x2160,24,1,132.93
Samsung,1920x1080,27,0,249.9
Samsung,1920x1080,27,0,775.24
HP,3840x2160,32,1,153.59
Dell,1920x1080,27,0,298.55
HP,1920x1080,32,0,474.12
Samsung,3840x2160,27,1,147.41
HP,1920x1080,32,0,719.34
Samsung,3840x2160,32,1,741.52
Samsung,1920x1080,32,0,345.54
Dell,1920x1080,24,0,390.42
HP,3840x2160,32,1,478.01
Dell,1920x1080,24,0,728.54
LG,3840x2160,27,1,431.11
LG,1920x1080,24,0,582.39
Samsung,2560x1440,24,0,279.29
Dell,3840x2160,24,1,683.48
Samsung,3840x2160,32,1,449.46
Dell,1920x1080,27,0,534.8
Dell,2560x1440,27,0,258.51
LG,1920x1080,27,0,555.49
LG,3840x2160,27,1,274.84
LG,1920x1080,24,0,759.26
Samsung,1920x1080,32,0,559.45
LG,1920x1080,32,0,519.3
HP,2560x1440,24,0,465.78
Dell,2560x1440,32,0,642.06
Dell,1920x1080,27,0,255.84
Dell,1920x1080,27,0,314.92
Dell,1920x1080,27,0,177.52
Samsung,3840x2160,24,1,114.2
HP,2560x1440,24,0,698.89
Samsung,1920x1080,32,0,384
Samsung,2560x1440,24,0,574.66
LG,3840x2160,24,1,559
Dell,3840x2160,24,1,172.83
Dell,2560x1440,32,0,772.86
HP,1920x1080,24,0,376.14
LG,3840x2160,32,1,610.86
Samsung,2560x1440,24,0,255.77
HP,1920x1080,24,0,546.89
LG,3840x2160,32,1,271.98
Samsung,3840x2160,32,1,305.11
LG,1920x1080,32,0,793.85
LG,2560x1440,24,0,245.91
LG,3840x2160,32,1,187.28
HP,1920x1080,27,0,204.67
LG,2560x1440,24,0,356.8
Dell,3840x2160,32,1,499.33
Samsung,1920x1080,24,0,702.83
LG,1920x1080,24,0,664.55
Samsung,2560x1440,24,0,736.44
Dell,2560x1440,24,0,366.2
Samsung,3840x2160,24,1,252.05
HP,1920x1080,27,0,457
HP,3840x2160,24,1,549.81
LG,3840x2160,27,1,441.21
Dell,2560x1440,24,0,336.31
HP,1920x1080,27,0,661.15
LG,1920x1080,32,0,342.53
HP,3840x2160,24,1,280.74
Samsung,3840x2160,32,1,516.75
Dell,3840x2160,24,1,102.68
Samsung,1920x1080,27,0,178.34
Samsung,2560x1440,32,0,454.76
Dell,2560x1440,32,0,489.7
LG,2560x1440,24,0,575.9
HP,3840x2160,32,1,164.29
HP,3840x2160,32,1,376.43
Dell,1920x1080,27,0,488.41
HP,2560x1440,27,0,509.37
Samsung,2560x1440,32,0,722.27
HP,3840x2160,27,1,425.71
Dell,3840x2160,24,1,665.32
HP,3840x2160,27,1,287.38
Dell,1920x1080,32,0,490.07
Samsung,3840x2160,32,1,129.99
HP,1920x1080,32,0,718.46
HP,1920x1080,24,0,295.6
Samsung,1920x1080,27,0,558.79
LG,1920x1080,27,0,429.87
Samsung,2560x1440,24,0,135.19
LG,2560x1440,24,0,388.2
LG,2560x1440,32,0,694.99
Dell,2560x1440,27,0,461.61
HP,1920x1080,27,0,551.67
HP,3840x2160,32,1,593.61
HP,2560x1440,32,0,397.78
LG,2560x1440,32,0,682.48
Dell,1920x1080,27,0,216.37
Samsung,1920x1080,24,0,368.42
Samsung,1920x1080,32,0,647.21
LG,1920x1080,27,0,136.47
Dell,2560x1440,27,0,225.78
LG,1920x1080,27,0,392.75
LG,3840x2160,32,1,719.26
HP,2560x1440,32,0,252.3
LG,1920x1080,32,0,397.23
Dell,3840x2160,24,1,647.69
Dell,2560x1440,24,0,759.89
LG,2560x1440,24,0,502.06
HP,2560x1440,24,0,663.6
Dell,2560x1440,24,0,119.65
HP,3840x2160,27,1,367.77
HP,1920x1080,27,0,791.33
HP,1920x1080,24,0,255.95
Samsung,2560x1440,32,0,683.8
LG,2560x1440,27,0,536.9
LG,3840x2160,32,1,760.06
Dell,2560x1440,24,0,789.75
HP,3840x2160,24,1,154.07
LG,1920x1080,32,0,170.5
Dell,3840x2160,32,1,645.3
Dell,1920x1080,32,0,606.19
LG,3840x2160,24,1,117.08
Dell,3840x2160,24,1,203.63
Samsung,1920x1080,24,0,249.98
HP,1920x1080,27,0,260.68
Samsung,1920x1080,24,0,127.58
LG,1920x1080,24,0,759.25
Dell,2560x1440,24,0,507.55
HP,1920x1080,32,0,164.47
Dell,1920x1080,24,0,248.72
Samsung,1920x1080,27,0,496.77
Dell,1920x1080,24,0,420.02
Samsung,1920x1080,27,0,324.91
Samsung,3840x2160,27,1,773.15
Samsung,2560x1440,32,0,526.65
HP,3840x2160,24,1,694.64
Dell,1920x1080,32,0,720.26
Dell,2560x1440,32,0,554.13
Samsung,3840x2160,24,1,138.66
Dell,1920x1080,24,0,684.06
Samsung,3840x2160,24,1,742.67
Dell,3840x2160,24,1,102.4
Dell,1920x1080,27,0,358.11
LG,2560x1440,24,0,108.48
HP,3840x2160,32,1,269.28
LG,1920x1080,32,0,581.75
Dell,2560x1440,32,0,194.62
LG,2560x1440,32,0,377.82
LG,2560x1440,27,0,477.24
HP,1920x1080,27,0,266.78
Dell,1920x1080,32,0,380.56
HP,3840x2160,27,1,218.73
LG,3840x2160,32,1,331.55
HP,2560x1440,27,0,212.32
Samsung,2560x1440,32,0,292.61
HP,1920x1080,27,0,389.22
Samsung,2560x1440,24,0,691.16
LG,1920x1080,27,0,684.36
Dell,2560x1440,27,0,225.26
HP,1920x1080,27,0,505.06
LG,3840x2160,24,1,399.45
LG,1920x1080,27,0,156.99
Dell,3840x2160,24,1,350.07
HP,2560x1440,27,0,569.49
HP,2560x1440,32,0,799.71
Dell,2560x1440,27,0,662.57
HP,1920x1080,27,0,744.47
LG,2560x1440,27,0,601.35
HP,2560x1440,27,0,420.99
HP,2560x1440,32,0,748.12
Dell,2560x1440,27,0,718.24
Samsung,3840x2160,24,1,588.69
Dell,3840x2160,24,1,449.19
LG,3840x2160,32,1,351.44
HP,3840x2160,32,1,258.26
HP,1920x1080,32,0,738.19
Dell,2560x1440,27,0,385.59
HP,1920x1080,32,0,240.76
Dell,1920x1080,27,0,556.74
Samsung,2560x1440,24,0,594.87
LG,2560x1440,32,0,402.34
Samsung,2560x1440,24,0,127.66
Dell,1920x1080,24,0,561.66
Dell,1920x1080,32,0,463.53
Dell,3840x2160,32,1,349.11
Dell,2560x1440,32,0,643.65
LG,3840x2160,24,1,563.69
Dell,3840x2160,32,1,205.11
LG,2560x1440,24,0,539.23
LG,3840x2160,24,1,556.7
Dell,2560x1440,27,0,717.05
HP,1920x1080,27,0,774.37
LG,2560x1440,24,0,217.12
LG,1920x1080,27,0,710.47
Samsung,2560x1440,32,0,262.33
Dell,3840x2160,27,1,439.34
Dell,3840x2160,32,1,598.39
Samsung,1920x1080,32,0,783.62
LG,2560x1440,27,0,457.42
HP,2560x1440,32,0,589.25
LG,2560x1440,27,0,174.63
LG,2560x1440,32,0,447.91
HP,1920x1080,27,0,428.91
HP,1920x1080,27,0,653.21
HP,2560x1440,27,0,539.35
Samsung,2560x1440,27,0,323.32
LG,1920x1080,27,0,384.38
Samsung,2560x1440,32,0,385.53
HP,1920x1080,27,0,222.38
HP,2560x1440,27,0,573.75
HP,2560x1440,24,0,451.46
LG,3840x2160,32,1,735.26
LG,2560x1440,32,0,338.31
Dell,3840x2160,32,1,167.38
HP,2560x1440,32,0,173.73
HP,3840x2160,24,1,286.82
Dell,1920x1080,24,0,703.62
Dell,3840x2160,24,1,483.67
HP,3840x2160,27,1,587.49
LG,3840x2160,24,1,735.81
HP,2560x1440,24,0,271.33
Dell,3840x2160,27,1,116.15
Samsung,1920x1080,24,0,599.94
Samsung,2560x1440,24,0,791.28
Samsung,2560x1440,27,0,647.75
LG,1920x1080,32,0,596.47
Dell,2560x1440,32,0,630.72
LG,1920x1080,27,0,690.28
Dell,2560x1440,27,0,408.72
Dell,2560x1440,27,0,352.63
HP,2560x1440,32,0,422.46
Samsung,2560x1440,24,0,533.89
Dell,1920x1080,24,0,698.23
HP,1920x1080,32,0,688.67
HP,1920x1080,32,0,130.89
Dell,2560x1440,24,0,651.1
Samsung,3840x2160,24,1,551.52
Dell,2560x1440,32,0,476.5
LG,1920x1080,32,0,710.71
HP,2560x1440,32,0,340.88
Dell,3840x2160,24,1,138.05
Samsung,3840x2160,27,1,669.38
LG,3840x2160,27,1,658.57
Samsung,2560x1440,32,0,503.24
LG,2560x1440,24,0,175.07
HP,1920x1080,32,0,301.66
Samsung,2560x1440,32,0,728.25
Dell,1920x1080,32,0,385.2
HP,3840x2160,24,1,225.79
HP,3840x2160,24,1,248.79
LG,1920x1080,27,0,705.97
Samsung,2560x1440,27,0,251.69
Dell,2560x1440,32,0,305.18
HP,1920x1080,24,0,608.72
Dell,1920x1080,27,0,193.25
Samsung,3840x2160,24,1,175.45
LG,1920x1080,24,0,554.77
HP,3840x2160,27,1,318.46
LG,3840x2160,24,1,224.31
Dell,3840x2160,32,1,721.97
LG,3840x2160,24,1,333.32
LG,1920x1080,27,0,366.68
Samsung,2560x1440,24,0,397.96
Dell,3840x2160,27,1,777.77
LG,2560x1440,32,0,777.35
Samsung,3840x2160,24,1,430.44
Samsung,2560x1440,32,0,284.57
Samsung,3840x2160,24,1,463.06
Dell,3840x2160,27,1,733.52
LG,1920x1080,24,0,281.83
LG,1920x1080,32,0,617.02
HP,3840x2160,27,1,602.89
HP,1920x1080,27,0,602.01
HP,1920x1080,27,0,758.64
Samsung,2560x1440,32,0,318.74
LG,2560x1440,24,0,168.87
HP,3840x2160,32,1,749.11
Samsung,2560x1440,32,0,642.55
HP,2560x1440,32,0,659.09
HP,3840x2160,32,1,421.82
Samsung,2560x1440,27,0,602.13
HP,2560x1440,27,0,368.52
LG,3840x2160,27,1,646.14
LG,1920x1080,27,0,798.05
Dell,2560x1440,27,0,287.71
HP,1920x1080,24,0,617.18
LG,1920x1080,32,0,139.56
Samsung,3840x2160,24,1,151.57
HP,1920x1080,24,0,794.42
LG,3840x2160,32,1,446.2
Samsung,1920x1080,24,0,145.09
Samsung,2560x1440,27,0,374.4
Dell,3840x2160,24,1,444.26
Dell,3840x2160,24,1,665.66
LG,3840x2160,32,1,696.53
Dell,1920x1080,27,0,333.62
HP,2560x1440,27,0,157.75
Dell,3840x2160,27,1,209.16
LG,3840x2160,32,1,260.1
LG,2560x1440,27,0,136.87
Samsung,1920x1080,24,0,210.77
HP,3840x2160,24,1,469.27
LG,1920x1080,24,0,664.44
LG,1920x1080,27,0,454.35
Dell,2560x1440,32,0,527.25
Samsung,1920x1080,27,0,552.07
Samsung,3840x2160,32,1,697.56
HP,1920x1080,24,0,322.34
Samsung,2560x1440,27,0,280.81
Samsung,1920x1080,27,0,699.71
HP,1920x1080,24,0,537.44
Dell,3840x2160,32,1,308.08
Dell,1920x1080,32,0,344.3
Dell,1920x1080,32,0,363.49
HP,3840x2160,27,1,655.8
Samsung,2560x1440,27,0,773.38
HP,3840x2160,24,1,776.29
Samsung,2560x1440,27,0,187.21
LG,2560x1440,27,0,523.15
LG,2560x1440,24,0,502.06
HP,3840x2160,27,1,662.27
HP,2560x1440,24,0,451.79
Samsung,1920x1080,27,0,493.61
Dell,2560x1440,32,0,464.17
HP,2560x1440,24,0,158.71
HP,2560x1440,24,0,154.7
Samsung,1920x1080,32,0,276.95
Samsung,1920x1080,24,0,641.67
HP,2560x1440,27,0,658.7
HP,3840x2160,24,1,334.49
Dell,1920x1080,24,0,607.17
Samsung,2560x1440,27,0,390.61
LG,2560x1440,32,0,610.71
HP,3840x2160,27,1,335.24
LG,2560x1440,27,0,268.36
HP,2560x1440,27,0,680.78
Dell,3840x2160,32,1,412.41
HP,2560x1440,24,0,159.84
HP,3840x2160,24,1,716.72
Dell,1920x1080,32,0,173.38
Samsung,2560x1440,32,0,313.04
Dell,3840x2160,27,1,537.57
Samsung,1920x1080,32,0,383.65
LG,3840x2160,24,1,319.56
LG,3840x2160,32,1,304.91
Samsung,2560x1440,27,0,592
HP,1920x1080,24,0,384.6
Dell,1920x1080,27,0,702.14
Dell,2560x1440,27,0,456.24
Samsung,3840x2160,24,1,575.07
Dell,1920x1080,32,0,435.26
Samsung,3840x2160,24,1,633.45
Dell,1920x1080,24,0,416.93
HP,2560x1440,27,0,257.79
Samsung,1920x1080,32,0,781.86
HP,2560x1440,27,0,410.56
Dell,3840x2160,27,1,551.97
HP,2560x1440,32,0,689.55
Samsung,2560x1440,24,0,692.06
HP,1920x1080,32,0,553.53
Samsung,1920x1080,27,0,768.62
LG,3840x2160,27,1,298.74
HP,3840x2160,32,1,402.66
Dell,2560x1440,24,0,319.11
HP,1920x1080,32,0,608.78
Samsung,1920x1080,24,0,788.83
Samsung,3840x2160,27,1,796.81
HP,1920x1080,32,0,363.33
HP,2560x1440,32,0,731.4
Dell,2560x1440,27,0,615.75
HP,3840x2160,27,1,657.28
Samsung,2560x1440,27,0,329.04
Dell,2560x1440,24,0,227.3
Samsung,2560x1440,32,0,433.19
Dell,3840x2160,32,1,754.85
Dell,3840x2160,24,1,512.57
Dell,3840x2160,24,1,555.29
Dell,2560x1440,24,0,405.28
Samsung,1920x1080,24,0,559.66
HP,1920x1080,24,0,712.33
Samsung,1920x1080,32,0,263.66
LG,3840x2160,24,1,277.18
HP,1920x1080,32,0,541.85
HP,2560x1440,27,0,211.38
HP,2560x1440,32,0,155.23
Samsung,3840x2160,24,1,246.4
HP,1920x1080,27,0,443.24
HP,1920x1080,24,0,453.88
Dell,2560x1440,27,0,127.81
HP,1920x1080,24,0,261.69
HP,2560x1440,32,0,391.15
Dell,3840x2160,24,1,762.77
Samsung,1920x1080,32,0,242.27
Dell,2560x1440,27,0,105.8
Dell,3840x2160,32,1,377.83
HP,1920x1080,32,0,501
HP,3840x2160,32,1,698.62
Samsung,3840x2160,24,1,603.88
Samsung,2560x1440,27,0,327.4
HP,3840x2160,27,1,594.3
HP,1920x1080,24,0,664.8
Dell,3840x2160,32,1,481.2
Samsung,3840x2160,32,1,547.39
HP,1920x1080,27,0,334.52
Dell,1920x1080,32,0,512.94
Samsung,1920x1080,32,0,775.13
Dell,1920x1080,32,0,532.71
HP,1920x1080,27,0,745.76
LG,1920x1080,24,0,103.34
Samsung,2560x1440,27,0,128.16
HP,2560x1440,27,0,594.63
Dell,2560x1440,27,0,145.93
Dell,2560x1440,27,0,557.11
Samsung,3840x2160,27,1,648.45
Samsung,3840x2160,27,1,630.83
Dell,1920x1080,24,0,433.41
Dell,1920x1080,32,0,783.89
LG,1920x1080,32,0,754.84
HP,3840x2160,32,1,145.89
Dell,3840x2160,32,1,108.74
Dell,1920x1080,24,0,203.7
LG,2560x1440,27,0,707.75
LG,3840x2160,32,1,513.98
LG,3840x2160,32,1,322.78
LG,1920x1080,24,0,784.45
Dell,1920x1080,27,0,120.7
Dell,2560x1440,24,0,622.11
HP,1920x1080,32,0,765.71
LG,3840x2160,24,1,773.87
HP,3840x2160,27,1,723.79
Samsung,2560x1440,32,0,238.65
HP,1920x1080,32,0,619.06
Samsung,3840x2160,32,1,436.27
Samsung,3840x2160,24,1,713.95
HP,3840x2160,24,1,377.3
Dell,3840x2160,24,1,458.04
LG,2560x1440,24,0,235.68
LG,2560x1440,32,0,546.46
Dell,3840x2160,32,1,110.3
HP,3840x2160,27,1,165.91
Dell,2560x1440,32,0,172.81
HP,1920x1080,27,0,155.57
Dell,2560x1440,24,0,692.46
LG,1920x1080,27,0,638.57
Samsung,1920x1080,24,0,648.35
Samsung,3840x2160,27,1,527.84
Samsung,3840x2160,32,1,699.72
HP,3840x2160,32,1,281.93
LG,2560x1440,32,0,499.38
LG,3840x2160,32,1,657.59
Dell,1920x1080,27,0,790.41
LG,1920x1080,24,0,525.92
HP,1920x1080,27,0,322.21
Samsung,1920x1080,24,0,586.03
Dell,3840x2160,24,1,514.07
Dell,2560x1440,27,0,375.69
HP,2560x1440,27,0,707.94
HP,1920x1080,24,0,617.41
HP,3840x2160,27,1,635.43
HP,3840x2160,32,1,273.55
LG,3840x2160,24,1,431.66
HP,1920x1080,24,0,552.39
HP,1920x1080,27,0,577.86
Dell,3840x2160,24,1,215.07
Samsung,1920x1080,32,0,617.18
LG,1920x1080,27,0,152.92
HP,1920x1080,24,0,736.91
Dell,2560x1440,27,0,712.18
HP,3840x2160,24,1,592.44
HP,1920x1080,32,0,272.38
HP,3840x2160,24,1,689.05
HP,3840x2160,27,1,449.37
LG,3840x2160,24,1,441.47
LG,2560x1440,27,0,227.78
Dell,3840x2160,32,1,627.64
Dell,3840x2160,27,1,571.33
HP,1920x1080,32,0,696.24
LG,3840x2160,27,1,768.47
Dell,3840x2160,24,1,717.12
LG,2560x1440,27,0,688.09
Samsung,2560x1440,32,0,474.71
Dell,1920x1080,27,0,484.81
Samsung,3840x2160,27,1,192.99
Dell,2560x1440,27,0,508.66
HP,3840x2160,24,1,142.96
Samsung,1920x1080,24,0,469.34
Dell,1920x1080,32,0,434.24
HP,1920x1080,32,0,793.95
Dell,1920x1080,32,0,118.64
Dell,2560x1440,24,0,622.26
LG,3840x2160,32,1,287.58
LG,3840x2160,27,1,219.35
LG,1920x1080,27,0,449.87
LG,1920x1080,24,0,424.07
LG,1920x1080,24,0,170.93
Samsung,3840x2160,24,1,591.3
LG,2560x1440,24,0,747.64
Samsung,1920x1080,24,0,627.97
Dell,1920x1080,27,0,571.03
Dell,1920x1080,32,0,747.97
HP,2560x1440,24,0,187.84
Dell,1920x1080,32,0,667.08
Samsung,2560x1440,32,0,534.63
HP,3840x2160,24,1,187.14
LG,3840x2160,27,1,459.44
HP,3840x2160,27,1,675.89
HP,3840x2160,32,1,408.4
HP,2560x1440,27,0,744.55
Samsung,1920x1080,32,0,230.48
Dell,1920x1080,27,0,679.23
Samsung,3840x2160,32,1,455.23
Samsung,1920x1080,32,0,452.87
HP,3840x2160,27,1,742.6
HP,3840x2160,27,1,453.25
Dell,2560x1440,24,0,324.14
Samsung,1920x1080,24,0,586.78
Dell,1920x1080,32,0,484.89
Dell,3840x2160,32,1,668.84
LG,1920x1080,32,0,204.54
Dell,3840x2160,24,1,603.33
Dell,1920x1080,24,0,720.24
Samsung,1920x1080,32,0,296.41
Dell,3840x2160,32,1,761.07
LG,1920x1080,32,0,128.85
Samsung,1920x1080,24,0,502.73
HP,2560x1440,32,0,113.84
LG,3840x2160,24,1,322.52
HP,1920x1080,32,0,798.08
Dell,2560x1440,24,0,769.49
Dell,3840x2160,27,1,550.26
LG,2560x1440,24,0,782.88
LG,2560x1440,24,0,657.17
Samsung,1920x1080,27,0,292.54
Samsung,2560x1440,27,0,437.3
HP,1920x1080,27,0,570.51
HP,1920x1080,32,0,182.08
HP,2560x1440,32,0,227.05
LG,3840x2160,24,1,686.95
LG,1920x1080,32,0,459.83
HP,3840x2160,24,1,596.86
LG,1920x1080,32,0,600.4
Dell,2560x1440,27,0,357.11
Dell,2560x1440,32,0,377
Samsung,2560x1440,27,0,689.6
Samsung,3840x2160,24,1,264.64
Samsung,2560x1440,32,0,684.19
LG,2560x1440,27,0,447.12
Dell,1920x1080,24,0,618.57
Samsung,1920x1080,27,0,536.48
Dell,2560x1440,32,0,407.37
Samsung,2560x1440,24,0,253.53
Samsung,3840x2160,24,1,305.86
LG,3840x2160,27,1,694.98
LG,1920x1080,24,0,798.16
LG,1920x1080,27,0,725.52
Samsung,2560x1440,24,0,517.59
HP,3840x2160,24,1,420.73
LG,3840x2160,32,1,726.87
HP,2560x1440,32,0,524.33
HP,1920x1080,24,0,111.83
Samsung,3840x2160,24,1,219.33
Samsung,2560x1440,32,0,514.83
Dell,1920x1080,32,0,448.67
HP,2560x1440,32,0,733.74
HP,1920x1080,24,0,473.34
LG,1920x1080,27,0,480.37
Dell,2560x1440,27,0,683.48
Dell,2560x1440,27,0,458.89
Dell,3840x2160,32,1,188.61
LG,3840x2160,24,1,614.14
LG,2560x1440,27,0,726.29
HP,3840x2160,24,1,784.8
Dell,2560x1440,32,0,648.08
Samsung,3840x2160,27,1,252.35
Dell,3840x2160,27,1,524.53
Samsung,3840x2160,24,1,788.88
HP,2560x1440,24,0,190.54
LG,1920x1080,24,0,150.38
LG,3840x2160,24,1,757.89
LG,3840x2160,32,1,106.98
LG,1920x1080,24,0,517.9
LG,1920x1080,32,0,622.87
LG,1920x1080,32,0,533.92
HP,3840x2160,24,1,650.86
HP,1920x1080,32,0,723.17
Samsung,1920x1080,32,0,763.94
LG,1920x1080,32,0,126.2
HP,3840x2160,27,1,618.59
LG,1920x1080,32,0,304.8
LG,3840x2160,24,1,372.14
HP,1920x1080,24,0,333.39
LG,1920x1080,27,0,769.53
Dell,1920x1080,32,0,259.08
Samsung,1920x1080,32,0,346.51
Samsung,3840x2160,27,1,678.11
Dell,3840x2160,27,1,252.28
Samsung,3840x2160,24,1,424.99
LG,2560x1440,27,0,306.79
HP,2560x1440,32,0,746.23
LG,1920x1080,32,0,334.31
Samsung,1920x1080,32,0,246.19
LG,2560x1440,32,0,261.62
Dell,2560x1440,24,0,727.01
HP,2560x1440,27,0,791.63
Dell,2560x1440,24,0,716.75
Dell,1920x1080,27,0,683.13
Samsung,2560x1440,27,0,100.24
Samsung,1920x1080,24,0,139.69
LG,2560x1440,24,0,395.07
HP,1920x1080,24,0,231.06
